Week,Home Team,Away Team,Delta_ScoreRank,Predicted_Spread
19.0,HOU,LAC,-0.01582,0.0975454295125362
19.0,BAL,PIT,0.08415,6.373658048464329
19.0,BUF,DEN,-0.05175,3.7562990062612513
19.0,PHI,GB,0.0426199999999999,3.3563874830149056
19.0,TB,WAS,0.06373,5.419564187983115
19.0,LAR,MIN,-9.999999999999593e-06,-0.3572844209802306
