Week,Home Team,Away Team,Delta_ScoreRank,Predicted_Spread
20.0,KC,HOU,0.04525,4.035686955357504
20.0,DET,WAS,0.00424,5.183649543524893
20.0,PHI,LAR,0.0414999999999999,7.955242289168875
20.0,BUF,BAL,-0.04596,3.001143617759265
